0,1,-60,-100,0,0,100,0,0,0,120,130,0
0,1,-60,-100,0,0,100,0,120,0,120,130,0
0,1,-60,-100,0,0,100,0,240,0,120,130,0
0,1,-60,-100,0,0,100,0,360,0,120,130,0
0,1,-60,-100,0,0,100,0,480,0,120,130,0
0,1,-60,-100,0,0,100,0,600,0,120,130,0
0,1,-60,-100,0,0,100,0,720,0,120,130,0
0,1,-60,-100,0,0,100,0,840,0,120,130,0
0,1,-60,-100,0,0,100,0,960,0,120,130,0
0,1,-60,-100,0,0,100,0,1080,0,120,130,0
0,1,-60,-100,0,0,100,0,1200,0,120,130,0
0,1,-60,-100,0,0,100,0,1320,0,120,130,0
0,1,-60,-100,0,0,100,0,1440,0,120,130,0
0,1,-60,-100,0,0,100,0,1560,0,120,130,0
0,1,-60,-100,0,0,100,0,1680,0,120,130,0
0,1,-60,-100,0,0,100,0,0,130,120,130,0
0,1,-60,-100,0,0,100,0,120,130,120,130,0
0,1,-60,-100,0,0,100,0,240,130,120,130,0
0,1,-60,-100,0,0,100,0,360,130,120,130,0
0,1,-60,-100,0,0,100,0,480,130,120,130,0
0,1,-60,-100,0,0,100,0,600,130,120,130,0
0,1,-60,-100,0,0,100,0,720,130,120,130,0
0,1,-60,-100,0,0,100,0,840,130,120,130,0
0,1,-60,-100,0,0,100,0,960,130,120,130,0
0,1,-60,-100,0,0,100,0,1080,130,120,130,0
0,1,-60,-100,0,0,100,0,1200,130,120,130,0
0,1,-60,-100,0,0,100,0,1320,130,120,130,0
0,1,-60,-100,0,0,100,0,1440,130,120,130,0
0,1,-60,-100,0,0,100,0,1560,130,120,130,0
0,1,-60,-100,0,0,100,0,1680,130,120,130,0
0,1,-60,-100,0,0,100,0,0,260,120,130,0
0,1,-60,-100,0,0,100,0,120,260,120,130,0
0,1,-60,-100,0,0,100,0,240,260,120,130,0
0,1,-60,-100,0,0,100,0,360,260,120,130,0
0,1,-60,-100,0,0,100,0,480,260,120,130,0
0,1,-60,-100,0,0,100,0,600,260,120,130,0
0,1,-60,-100,0,0,100,0,720,260,120,130,0
0,1,-60,-100,0,0,100,0,840,260,120,130,0
0,1,-60,-100,0,0,100,0,960,260,120,130,0
0,1,-60,-100,0,0,100,0,1080,260,120,130,0
0,1,-60,-100,0,0,100,0,1200,260,120,130,0
0,1,-60,-100,0,0,100,0,1320,260,120,130,0
0,1,-60,-100,0,0,100,0,1440,260,120,130,0
0,1,-60,-100,0,0,100,0,1560,260,120,130,0
0,1,-60,-100,0,0,100,0,1680,260,120,130,0
0,1,-60,-100,0,0,100,0,0,390,120,130,0
0,1,-60,-100,0,0,100,0,120,390,120,130,0
0,1,-60,-100,0,0,100,0,240,390,120,130,0
0,1,-60,-100,0,0,100,0,360,390,120,130,0
0,1,-60,-100,0,0,100,0,480,390,120,130,0
0,1,-60,-100,0,0,100,0,600,390,120,130,0
0,1,-60,-100,0,0,100,0,720,390,120,130,0
0,1,-60,-100,0,0,100,0,840,390,120,130,0
0,1,-60,-100,0,0,100,0,960,390,120,130,0
0,1,-60,-100,0,0,100,0,1080,390,120,130,0
0,1,-60,-100,0,0,100,0,1200,390,120,130,0
0,1,-60,-100,0,0,100,0,1320,390,120,130,0
0,1,-60,-100,0,0,100,0,1440,390,120,130,0
0,1,-60,-100,0,0,100,0,1560,390,120,130,0
0,1,-60,-100,0,0,100,0,1680,390,120,130,0
0,1,-60,-100,0,0,100,0,0,520,120,130,0
0,1,-60,-100,0,0,100,0,120,520,120,130,0
0,1,-60,-100,0,0,100,0,240,520,120,130,0
0,1,-60,-100,0,0,100,0,360,520,120,130,0
0,1,-60,-100,0,0,100,0,480,520,120,130,0
0,1,-60,-100,0,0,100,0,600,520,120,130,0
0,1,-60,-100,0,0,100,0,720,520,120,130,0
0,1,-60,-100,0,0,100,0,840,520,120,130,0
0,1,-60,-100,0,0,100,0,960,520,120,130,0
0,1,-60,-100,0,0,100,0,1080,520,120,130,0
0,1,-60,-100,0,0,100,0,1200,520,120,130,0
0,1,-60,-100,0,0,100,0,1320,520,120,130,0
0,1,-60,-100,0,0,100,0,1440,520,120,130,0
0,1,-60,-100,0,0,100,0,1560,520,120,130,0
0,1,-60,-100,0,0,100,0,1680,520,120,130,0
0,1,-60,-100,0,0,100,0,0,650,120,130,0
0,1,-60,-100,0,0,100,0,120,650,120,130,0
0,1,-60,-100,0,0,100,0,240,650,120,130,0
0,1,-60,-100,0,0,100,0,360,650,120,130,0
0,1,-60,-100,0,0,100,0,480,650,120,130,0
0,1,-60,-100,0,0,100,0,600,650,120,130,0
0,1,-60,-100,0,0,100,0,720,650,120,130,0
0,1,-60,-100,0,0,100,0,840,650,120,130,0
0,1,-60,-100,0,0,100,0,960,650,120,130,0
0,1,-60,-100,0,0,100,0,1080,650,120,130,0
0,1,-60,-100,0,0,100,0,1200,650,120,130,0
0,1,-60,-100,0,0,100,0,1320,650,120,130,0
0,1,-60,-100,0,0,100,0,1440,650,120,130,0
0,1,-60,-100,0,0,100,0,1560,650,120,130,0
0,1,-60,-100,0,0,100,0,1680,650,120,130,0
0,1,-60,-100,0,0,100,0,0,780,120,130,0
0,1,-60,-100,0,0,100,0,120,780,120,130,0
0,1,-60,-100,0,0,100,0,240,780,120,130,0
0,1,-60,-100,0,0,100,0,360,780,120,130,0
0,1,-60,-100,0,0,100,0,480,780,120,130,0
0,1,-60,-100,0,0,100,0,600,780,120,130,0
0,1,-60,-100,0,0,100,0,720,780,120,130,0
0,1,-60,-100,0,0,100,0,840,780,120,130,0
0,1,-60,-100,0,0,100,0,960,780,120,130,0
0,1,-60,-100,0,0,100,0,1080,780,120,130,0
0,1,-60,-100,0,0,100,0,1200,780,120,130,0
0,1,-60,-100,0,0,100,0,1320,780,120,130,0
0,1,-60,-100,0,0,100,0,1440,780,120,130,0
0,1,-60,-100,0,0,100,0,1560,780,120,130,0
0,1,-60,-100,0,0,100,0,1680,780,120,130,0
0,1,-60,-100,0,0,100,0,0,910,120,130,0
0,1,-60,-100,0,0,100,0,120,910,120,130,0
0,1,-60,-100,0,0,100,0,240,910,120,130,0
0,1,-60,-100,0,0,100,0,360,910,120,130,0
0,1,-60,-100,0,0,100,0,480,910,120,130,0
0,1,-60,-100,0,0,100,0,600,910,120,130,0
0,1,-60,-100,0,0,100,0,720,910,120,130,0
0,1,-60,-100,0,0,100,0,840,910,120,130,0
0,1,-60,-100,0,0,100,0,960,910,120,130,0
0,1,-60,-100,0,0,100,0,1080,910,120,130,0
0,1,-60,-100,0,0,100,0,1200,910,120,130,0
0,1,-60,-100,0,0,100,0,1320,910,120,130,0
0,1,-60,-100,0,0,100,0,1440,910,120,130,0
0,1,-60,-100,0,0,100,0,1560,910,120,130,0
0,1,-60,-100,0,0,100,0,1680,910,120,130,0
0,1,-60,-100,0,0,100,0,0,1040,120,130,0
0,1,-60,-100,0,0,100,0,120,1040,120,130,0
0,1,-60,-100,0,0,100,0,240,1040,120,130,0
0,1,-60,-100,0,0,100,0,360,1040,120,130,0
0,1,-60,-100,0,0,100,0,480,1040,120,130,0
0,1,-60,-100,0,0,100,0,600,1040,120,130,0
0,1,-60,-100,0,0,100,0,720,1040,120,130,0
0,1,-60,-100,0,0,100,0,840,1040,120,130,0
0,1,-60,-100,0,0,100,0,960,1040,120,130,0
0,1,-60,-100,0,0,100,0,1080,1040,120,130,0
0,1,-60,-100,0,0,100,0,1200,1040,120,130,0
0,1,-60,-100,0,0,100,0,1320,1040,120,130,0
0,1,-60,-100,0,0,100,0,1440,1040,120,130,0
0,1,-60,-100,0,0,100,0,1560,1040,120,130,0
0,1,-60,-100,0,0,100,0,1680,1040,120,130,0
0,1,-60,-100,0,0,100,0,0,1170,120,130,0
0,1,-60,-100,0,0,100,0,120,1170,120,130,0
0,1,-60,-100,0,0,100,0,240,1170,120,130,0
0,1,-60,-100,0,0,100,0,360,1170,120,130,0
0,1,-60,-100,0,0,100,0,480,1170,120,130,0
0,1,-60,-100,0,0,100,0,600,1170,120,130,0
0,1,-60,-100,0,0,100,0,720,1170,120,130,0
0,1,-60,-100,0,0,100,0,840,1170,120,130,0
0,1,-60,-100,0,0,100,0,960,1170,120,130,0
0,1,-60,-100,0,0,100,0,1080,1170,120,130,0
0,1,-60,-100,0,0,100,0,1200,1170,120,130,0
0,1,-60,-100,0,0,100,0,1320,1170,120,130,0
0,1,-60,-100,0,0,100,0,1440,1170,120,130,0
0,1,-60,-100,0,0,100,0,1560,1170,120,130,0
0,1,-60,-100,0,0,100,0,1680,1170,120,130,0
0,1,-60,-100,0,0,100,0,0,1300,120,130,0
0,1,-60,-100,0,0,100,0,120,1300,120,130,0
0,1,-60,-100,0,0,100,0,240,1300,120,130,0
0,1,-60,-100,0,0,100,0,360,1300,120,130,0
0,1,-60,-100,0,0,100,0,480,1300,120,130,0
0,1,-60,-100,0,0,100,0,600,1300,120,130,0
0,1,-60,-100,0,0,100,0,720,1300,120,130,0
0,1,-60,-100,0,0,100,0,840,1300,120,130,0
0,1,-60,-100,0,0,100,0,960,1300,120,130,0
0,1,-60,-100,0,0,100,0,1080,1300,120,130,0
0,1,-60,-100,0,0,100,0,1200,1300,120,130,0
0,1,-60,-100,0,0,100,0,1320,1300,120,130,0
0,1,-60,-100,0,0,100,0,1440,1300,120,130,0
0,1,-60,-100,0,0,100,0,1560,1300,120,130,0
0,1,-60,-100,0,0,100,0,1680,1300,120,130,0
0,1,-60,-100,0,0,100,0,0,1430,120,130,0
0,1,-60,-100,0,0,100,0,120,1430,120,130,0
0,1,-60,-100,0,0,100,0,240,1430,120,130,0
0,1,-60,-100,0,0,100,0,360,1430,120,130,0
0,1,-60,-100,0,0,100,0,480,1430,120,130,0
0,1,-60,-100,0,0,100,0,600,1430,120,130,0
0,1,-60,-100,0,0,100,0,720,1430,120,130,0
0,1,-60,-100,0,0,100,0,840,1430,120,130,0
0,1,-60,-100,0,0,100,0,960,1430,120,130,0
0,1,-60,-100,0,0,100,0,1080,1430,120,130,0
0,1,-60,-100,0,0,100,0,1200,1430,120,130,0
0,1,-60,-100,0,0,100,0,1320,1430,120,130,0
0,1,-60,-100,0,0,100,0,1440,1430,120,130,0
0,1,-60,-100,0,0,100,0,1560,1430,120,130,0
0,1,-60,-100,0,0,100,0,1680,1430,120,130,0
0,1,-60,-100,0,0,100,0,0,1560,120,130,0
0,1,-60,-100,0,0,100,0,120,1560,120,130,0
0,1,-60,-100,0,0,100,0,240,1560,120,130,0
0,1,-60,-100,0,0,100,0,360,1560,120,130,0
0,1,-60,-100,0,0,100,0,480,1560,120,130,0
0,1,-60,-100,0,0,100,0,600,1560,120,130,0
0,1,-60,-100,0,0,100,0,720,1560,120,130,0
0,1,-60,-100,0,0,100,0,840,1560,120,130,0
0,1,-60,-100,0,0,100,0,960,1560,120,130,0
0,1,-60,-100,0,0,100,0,1080,1560,120,130,0
0,1,-60,-100,0,0,100,0,1200,1560,120,130,0
0,1,-60,-100,0,0,100,0,1320,1560,120,130,0
0,1,-60,-100,0,0,100,0,1440,1560,120,130,0
0,1,-60,-100,0,0,100,0,1560,1560,120,130,0
0,1,-60,-100,0,0,100,0,1680,1560,120,130,0
0,1,-60,-100,0,0,100,0,0,1690,120,130,0
0,1,-60,-100,0,0,100,0,120,1690,120,130,0
0,1,-60,-100,0,0,100,0,240,1690,120,130,0
0,1,-60,-100,0,0,100,0,360,1690,120,130,0
0,1,-60,-100,0,0,100,0,480,1690,120,130,0
0,1,-60,-100,0,0,100,0,600,1690,120,130,0
0,1,-60,-100,0,0,100,0,720,1690,120,130,0
0,1,-60,-100,0,0,100,0,840,1690,120,130,0
0,1,-60,-100,0,0,100,0,960,1690,120,130,0
0,1,-60,-100,0,0,100,0,1080,1690,120,130,0
0,1,-60,-100,0,0,100,0,1200,1690,120,130,0
0,1,-60,-100,0,0,100,0,1320,1690,120,130,0
0,1,-60,-100,0,0,100,0,1440,1690,120,130,0
0,1,-60,-100,0,0,100,0,1560,1690,120,130,0
0,1,-60,-100,0,0,100,0,1680,1690,120,130,0
